<?xml version="1.0" encoding="utf-8"?>
<resources>
    <color name="colorPrimary">#FFC107</color>
    <color name="colorPrimaryDark">#FF8F00</color>
    <color name="colorAccent">#FF4081</color>
    <color name="cardBackground">#C5CAE9</color>
    <color name="cardBackground2">#D1c4E9</color>
    <color name="colorPrimary2">#FFB300</color>
    <color name="colorPrimaryDark2">#FF8F00</color>
    <color name="colorBackground">#FFF8E1</color>

    <color name="colorPrimarytask5">#C2185B</color>
    <color name="colorPrimaryDarktask5">#880E4F</color>
    <color name="colorAccenttask5">#FF4081</color>
    <color name="colorBackgroundtask5">#FCE4E7</color>

    <color name="colorPrimarytask3">#1565C0</color>
    <color name="colorPrimaryDarktask3">#0D47A1</color>
    <color name="colorAccenttask3">#FF4081</color>
    <color name="colorBackgroundtask3">#E3F2FD</color>

    <color name="colorPrimarytask2">#712265</color>
    <color name="colorPrimaryDarktask2">#3F0A42</color>
    <color name="colorAccenttask2">#FF4081</color>
    <color name="colorBackgroundtask2">#ffffff</color>

    <color name="dot_dark_screen1">#d1395c</color>
    <color name="dot_dark_screen2">#14a895</color>
    <color name="dot_dark_screen3">#2278d4</color>
    <color name="dot_dark_screen4">#a854d4</color>

    <!-- dots active colors -->
    <color name="dot_light_screen1">#f98da5</color>
    <color name="dot_light_screen2">#8cf9eb</color>
    <color name="dot_light_screen3">#93c6fd</color>
    <color name="dot_light_screen4">#e4b5fc</color>

    <array name="array_dot_active">
        <item>@color/dot_light_screen1</item>
        <item>@color/dot_light_screen2</item>
        <item>@color/dot_light_screen3</item>
        <item>@color/dot_light_screen4</item>
    </array>

    <array name="array_dot_inactive">
        <item>@color/dot_dark_screen1</item>
        <item>@color/dot_dark_screen2</item>
        <item>@color/dot_dark_screen3</item>
        <item>@color/dot_dark_screen4</item>
    </array>

</resources>
