<resources>

    <!-- Base application theme. -->
    <!-- Base application theme. -->
    <style name="AppTheme" parent="Theme.AppCompat.Light.NoActionBar">
        <!-- Customize your theme here. -->
        <item name="colorPrimary">@color/colorPrimary</item>
        <item name="colorPrimaryDark">@color/colorPrimaryDark</item>
        <item name="colorAccent">@color/colorAccent</item>
        <item name="android:windowBackground">@color/colorBackground</item>
    </style>

    <style name="Theme2" parent="Theme.AppCompat.Light.DarkActionBar">
        <!-- Customize your theme here. -->
        <item name="colorPrimary">@color/colorPrimary2</item>
        <item name="colorPrimaryDark">@color/colorPrimaryDark2</item>
        <item name="android:background">@color/colorBackground</item>
    </style>

    <style name="NavDrawerSetting" parent="Base.TextAppearance.AppCompat">
        <item name="android:textSize">16dp</item>
    </style>
    <style name="DrawerArrowStyle" parent="Widget.AppCompat.DrawerArrowToggle">
        <item name="color">@android:color/white</item>
    </style>

</resources>
